name,email,phone,resume ,candidate_id
Piyush Pushkar,abc@gmail.com,5634261923,,
Piyush Pushkar,def@gmail.com,5634261923,,
Piyush Pushkar,zse@gmail.com,5634261923,,
Piyush Pushkar,abc@gmail.com,5634261923,,
Piyush Pushkar,abc@gmail.com,5634261923,,
Piyush Pushkar,abc@gmail.com,5634261923,,
Piyush Pushkar,abc@gmail.com,5634261923,,
Piyush Pushkar,abc@gmail.com,5634261923,,
Piyush Pushkar,abc@gmail.com,5634261923,,
Piyush Pushkar,abc@gmail.com,5634261923,,
Piyush Pushkar,abc@gmail.com,5634261923,,
Piyush Pushkar,abc@gmail.com,5634261923,,
Piyush,piyushpushkar464@gmail.com,6537294356